Country,count,percentage,cumulative_percentage
United Kingdom,490300,91.365,91.365
Germany,9480,1.767,93.132
France,8541,1.592,94.724
EIRE,8184,1.525,96.249
Spain,2528,0.471,96.72
Netherlands,2371,0.442,97.162
Belgium,2069,0.386,97.548
Switzerland,1994,0.372,97.92
Portugal,1510,0.281,98.201
Australia,1258,0.234,98.435
Norway,1086,0.202,98.637
Italy,803,0.15,98.787
Channel Islands,757,0.141,98.928
Finland,695,0.13,99.058
Cyprus,611,0.114,99.172
Sweden,461,0.086,99.258
Unspecified,442,0.082,99.34
Austria,401,0.075,99.415
Denmark,389,0.072,99.487
Japan,358,0.067,99.554
