StockCode,count,percentage,cumulative_percentage
85123A,2301,0.429,0.429
22423,2192,0.408,0.837
85099B,2156,0.402,1.239
47566,1720,0.321,1.56
20725,1626,0.303,1.863
84879,1489,0.277,2.14
22720,1469,0.274,2.414
22197,1468,0.274,2.688
21212,1367,0.255,2.943
22383,1328,0.247,3.19
20727,1323,0.247,3.437
22457,1272,0.237,3.674
23203,1260,0.235,3.909
POST,1256,0.234,4.143
22386,1245,0.232,4.375
22469,1232,0.23,4.605
22960,1221,0.228,4.833
21931,1211,0.226,5.059
22086,1194,0.222,5.281
22411,1192,0.222,5.503
20728,1185,0.221,5.724
22382,1177,0.219,5.943
22961,1177,0.219,6.162
23298,1175,0.219,6.381
22666,1173,0.219,6.6
22699,1128,0.21,6.81
23209,1126,0.21,7.02
82482,1124,0.209,7.229
22384,1121,0.209,7.438
22993,1099,0.205,7.643
22727,1092,0.203,7.846
22697,1066,0.199,8.045
23206,1066,0.199,8.244
22178,1066,0.199,8.443
20724,1065,0.198,8.641
20726,1050,0.196,8.837
23084,1048,0.195,9.032
22726,1014,0.189,9.221
21080,1008,0.188,9.409
23199,1007,0.188,9.597
22139,985,0.184,9.781
22077,976,0.182,9.963
22138,965,0.18,10.143
85099C,957,0.178,10.321
22470,955,0.178,10.499
84946,939,0.175,10.674
21790,939,0.175,10.849
82494L,939,0.175,11.024
23301,931,0.173,11.197
20914,927,0.173,11.37
