YearMonth,revenue,avg_order_value,median_order_value,lines,unique_invoices,revenue_per_invoice
2010-12,821452.73,20.04,8.47,40991,1559,526.91
2011-01,689811.61,20.25,8.3,34060,1086,635.19
2011-02,522545.56,19.44,10.2,26882,1100,475.04
2011-03,716215.26,20.18,10.2,35497,1454,492.58
2011-04,536968.49,18.59,10.2,28882,1246,430.95
2011-05,769296.61,21.42,11.7,35917,1681,457.64
2011-06,760547.01,21.29,9.96,35716,1533,496.12
2011-07,718076.12,18.7,8.5,38395,1475,486.83
2011-08,757841.38,22.12,10.5,34264,1361,556.83
2011-09,1056435.19,21.6,10.5,48900,1837,575.09
2011-10,1151263.73,19.67,9.96,58537,2040,564.34
2011-11,1503866.78,18.34,8.26,82004,2769,543.11
2011-12,637790.33,25.68,8.26,24833,819,778.74
