Country,revenue,lines,avg_unit_price,avg_total_amount,unique_customers,revenue_pct
United Kingdom,9001744.09,479985,3.87,18.75,3920,84.59
Netherlands,285446.34,2359,2.65,121.0,9,2.68
EIRE,283140.52,7879,4.88,35.94,3,2.66
Germany,228678.4,9025,3.71,25.34,94,2.15
France,209625.37,8392,4.4,24.98,87,1.97
Australia,138453.81,1181,3.05,117.23,9,1.3
Spain,61558.56,2479,3.83,24.83,30,0.58
Switzerland,57067.6,1958,3.38,29.15,21,0.54
Belgium,41196.34,2031,3.63,20.28,25,0.39
Sweden,38367.83,450,3.76,85.26,8,0.36
Japan,37416.37,321,2.05,116.56,8,0.35
Norway,36165.44,1071,5.29,33.77,10,0.34
Portugal,33683.05,1492,5.86,22.58,19,0.32
Finland,22546.08,685,5.3,32.91,12,0.21
Singapore,21279.29,222,58.33,95.85,1,0.2
Channel Islands,20440.54,747,4.54,27.36,9,0.19
Denmark,18955.34,380,3.15,49.88,9,0.18
Italy,17483.24,758,4.72,23.06,14,0.16
Hong Kong,15483.0,280,23.75,55.3,0,0.14
Cyprus,13502.85,603,5.75,22.39,8,0.13
Austria,10198.68,398,4.26,25.62,11,0.1
Israel,8129.41,292,3.65,27.84,3,0.08
Poland,7334.65,330,4.17,22.23,6,0.07
Greece,4760.52,145,4.57,32.83,4,0.04
Unspecified,4740.94,442,2.71,10.73,4,0.04
Iceland,4310.0,182,2.64,23.68,1,0.04
Canada,3666.38,151,6.03,24.28,4,0.03
USA,3580.39,179,2.31,20.0,4,0.03
Malta,2725.59,112,4.87,24.34,2,0.03
United Arab Emirates,1902.28,68,3.38,27.97,2,0.02
Lebanon,1693.88,45,5.39,37.64,1,0.02
Lithuania,1661.06,35,2.84,47.46,1,0.02
European Community,1300.25,60,4.83,21.67,1,0.01
Brazil,1143.6,32,4.46,35.74,1,0.01
RSA,1002.31,57,4.35,17.58,1,0.01
Czech Republic,826.74,25,3.13,33.07,1,0.01
Bahrain,754.14,18,4.6,41.9,2,0.01
Saudi Arabia,145.92,9,2.35,16.21,1,0.0
